Source,Target,Weight,Sigmoid
203666,28643625,27,0.9999999999981204
25126616,16241224,2,0.8807970779778823
15171934,3623050,1,0.7310585786300049
24560307,5932749,21,0.9999999992417439
2935735,4591033,11,0.999983298578152
9461481,28366058,22,0.9999999997210531
25537901,25538333,1,0.7310585786300049
4025121,16851127,2,0.8807970779778823
10969551,8711353,5,0.9933071490757153
24560307,13346571,11,0.999983298578152
1857825,2410676,2,0.8807970779778823
11421378,167174,3,0.9525741268224334
11421378,3955647,2,0.8807970779778823
8843683,1787757,1,0.7310585786300049
671825,729744,12,0.9999938558253978
17784299,21548299,1,0.7310585786300049
206084,26992831,1,0.7310585786300049
9530789,9325315,1,0.7310585786300049
9325315,9530789,3,0.9525741268224334
1801829,2649031,3,0.9525741268224334
11808187,5187096,1,0.7310585786300049
588600,71019,2,0.8807970779778823
9461481,7691631,3,0.9525741268224334
11589713,9461481,2,0.8807970779778823
11778024,16819795,2,0.8807970779778823
714074,14663768,2,0.8807970779778823
14159669,3623050,6,0.9975273768433653
19294390,9029977,1,0.7310585786300049
21357099,321278,1,0.7310585786300049
2081289,14448779,8,0.9996646498695336
10707658,16297763,5,0.9933071490757153
27022174,2476855,2,0.8807970779778823
8569918,9615328,2,0.8807970779778823
606956,128476,5,0.9933071490757153
28366058,7691631,12,0.9999938558253978
7786818,3038446,2,0.8807970779778823
17752746,3016562,2,0.8807970779778823
22521888,10616272,2,0.8807970779778823
238972,13347640,5,0.9933071490757153
13512328,11225014,1,0.7310585786300049
104937,27,1,0.7310585786300049
15601851,23899906,4,0.9820137900379085
2351391,2351384,1,0.7310585786300049
108278,15090814,2,0.8807970779778823
14981376,1181927,22,0.9999999997210531
2014929,1385122,1,0.7310585786300049
9403933,23198783,1,0.7310585786300049
8962829,14169882,16,0.9999998874648379
24835467,22187098,1,0.7310585786300049
5710178,5710341,2,0.8807970779778823
843222,654608,7,0.9990889488055994
27193779,3342055,11,0.999983298578152
9265294,206084,1,0.7310585786300049
1446467,2410676,4,0.9820137900379085
10969551,12296490,4,0.9820137900379085
8271291,14204295,4,0.9820137900379085
27494663,206084,2,0.8807970779778823
321278,4580780,4,0.9820137900379085
658518,1254497,2,0.8807970779778823
26399616,26119962,1,0.7310585786300049
7691631,23096959,6,0.9975273768433653
23096959,7691631,1,0.7310585786300049
7691631,20580498,2,0.8807970779778823
2893713,108278,2,0.8807970779778823
26992831,206084,1,0.7310585786300049
13739356,10037542,8,0.9996646498695336
28155823,18023059,3,0.9525741268224334
24336212,25104780,1,0.7310585786300049
1090311,24894912,3,0.9525741268224334
729744,671825,26,0.999999999994891
27494663,7691631,5,0.9933071490757153
11167738,28062827,5,0.9933071490757153
11617504,11924873,3,0.9525741268224334
238972,363387,1,0.7310585786300049
5721837,1419138,1,0.7310585786300049
28669836,17301522,3,0.9525741268224334
238972,1252,1,0.7310585786300049
7099729,2163263,3,0.9525741268224334
5373551,7480345,1,0.7310585786300049
168370,722201,2,0.8807970779778823
589584,616448,1,0.7310585786300049
12244838,4331833,1,0.7310585786300049
3447593,22942790,1,0.7310585786300049
1402936,4090287,1,0.7310585786300049
7691631,15693680,19,0.9999999943972036
21779020,3678731,2,0.8807970779778823
3557653,2968000,3,0.9525741268224334
20580498,7691631,10,0.9999546021312976
11412473,14238949,1,0.7310585786300049
2751199,2752522,2,0.8807970779778823
1090311,168370,6,0.9975273768433653
20929025,321278,1,0.7310585786300049
5048251,641512,1,0.7310585786300049
14204295,12584841,1,0.7310585786300049
28758778,1362490,1,0.7310585786300049
14225208,21449162,7,0.9990889488055994
23810532,9325315,1,0.7310585786300049
3198415,2228226,1,0.7310585786300049
6862780,143580,6,0.9975273768433653
20580498,15693680,1,0.7310585786300049
9534760,3214406,2,0.8807970779778823
26494782,17815037,1,0.7310585786300049
22873447,21129265,1,0.7310585786300049
1632976,658518,1,0.7310585786300049
24474126,3638964,9,0.9998766054240137
7691631,9461481,6,0.9975273768433653
488514,614070,2,0.8807970779778823
11452644,9996255,1,0.7310585786300049
19354917,3620194,1,0.7310585786300049
7961991,7968417,1,0.7310585786300049
24400684,25841126,1,0.7310585786300049
26715792,1725199,1,0.7310585786300049
28671602,734934,1,0.7310585786300049
17620347,14225208,3,0.9525741268224334
2055965,19390712,1,0.7310585786300049
2055965,20905275,1,0.7310585786300049
23407526,3214406,1,0.7310585786300049
17049596,1093228,1,0.7310585786300049
1332134,1157388,1,0.7310585786300049
16665655,929845,1,0.7310585786300049
16665655,3319769,2,0.8807970779778823
24664810,3214406,1,0.7310585786300049
25252102,15901046,1,0.7310585786300049
12048721,7760890,1,0.7310585786300049
15901046,25252102,2,0.8807970779778823
8710734,507775,3,0.9525741268224334
28834044,417389,1,0.7310585786300049
11167738,931039,1,0.7310585786300049
17950592,17930752,2,0.8807970779778823
8962829,3620194,1,0.7310585786300049
17089728,14712850,3,0.9525741268224334
9528819,1380117,1,0.7310585786300049
22187098,7764559,1,0.7310585786300049
1254497,2935735,3,0.9525741268224334
695611,12710059,1,0.7310585786300049
24669372,2932773,4,0.9820137900379085
1217614,3988342,3,0.9525741268224334
4007018,258750,1,0.7310585786300049
20004472,11921752,1,0.7310585786300049
658518,1385122,2,0.8807970779778823
5282596,5312648,2,0.8807970779778823
21388550,20897575,1,0.7310585786300049
21388550,20882845,1,0.7310585786300049
5216282,890377,3,0.9525741268224334
10270250,11667865,1,0.7310585786300049
5532320,7804910,25,0.999999999986112
2935735,12127251,2,0.8807970779778823
15045751,7691631,13,0.999997739675702
23487443,203666,1,0.7310585786300049
27193779,27196756,6,0.9975273768433653
1283503,19294390,1,0.7310585786300049
46939,167174,1,0.7310585786300049
585285,8792127,2,0.8807970779778823
16688238,21386310,4,0.9820137900379085
18219900,2293158,5,0.9933071490757153
2293158,13744591,3,0.9525741268224334
24560307,10270250,2,0.8807970779778823
4262493,2011783,9,0.9998766054240137
52287,13080550,2,0.8807970779778823
18453077,4039952,1,0.7310585786300049
128476,606956,2,0.8807970779778823
20260834,20260602,1,0.7310585786300049
20260602,20260834,1,0.7310585786300049
16630147,12310030,1,0.7310585786300049
26509369,29600667,9,0.9998766054240137
380961,1211978,2,0.8807970779778823
9615328,8569918,1,0.7310585786300049
12892263,13345709,1,0.7310585786300049
10642675,10350614,1,0.7310585786300049
1284185,7394347,2,0.8807970779778823
11667865,10270250,3,0.9525741268224334
19614228,11167738,1,0.7310585786300049
18065797,5710341,1,0.7310585786300049
14562056,13220460,1,0.7310585786300049
8514,28748876,1,0.7310585786300049
24894912,1090311,1,0.7310585786300049
7477865,5151909,4,0.9820137900379085
7691631,16607898,3,0.9525741268224334
11116372,597879,1,0.7310585786300049
10822741,3594497,1,0.7310585786300049
14474326,65252,1,0.7310585786300049
2055965,167174,2,0.8807970779778823
22700458,14712850,4,0.9820137900379085
2165383,2081289,1,0.7310585786300049
7673810,6907993,1,0.7310585786300049
447184,238972,9,0.9998766054240137
24835467,931039,3,0.9525741268224334
203666,16219318,6,0.9975273768433653
24835467,24560307,3,0.9525741268224334
890377,81384,4,0.9820137900379085
206084,11180687,1,0.7310585786300049
16219318,203666,1,0.7310585786300049
80571,8514,2,0.8807970779778823
13575283,455600,1,0.7310585786300049
1312351,14299077,1,0.7310585786300049
11396385,25652980,3,0.9525741268224334
714074,7467217,1,0.7310585786300049
10399273,4723248,2,0.8807970779778823
11581452,258750,1,0.7310585786300049
20558462,19745004,3,0.9525741268224334
14089735,27866077,1,0.7310585786300049
24560307,22187098,1,0.7310585786300049
3781859,943149,2,0.8807970779778823
5017825,478996,2,0.8807970779778823
13653550,4007018,1,0.7310585786300049
25136308,1200050,1,0.7310585786300049
7691631,28366058,22,0.9999999997210531
19360616,9787757,1,0.7310585786300049
843222,890377,1,0.7310585786300049
12225546,8665467,1,0.7310585786300049
14238949,9831101,1,0.7310585786300049
9831101,14238949,1,0.7310585786300049
5710848,21338881,1,0.7310585786300049
2300694,507,1,0.7310585786300049
13753636,6296790,1,0.7310585786300049
560495,27620277,1,0.7310585786300049
23403252,65252,1,0.7310585786300049
28257573,12446895,1,0.7310585786300049
12136863,11931032,4,0.9820137900379085
1385122,890377,1,0.7310585786300049
14089735,2476855,1,0.7310585786300049
22321368,1857825,2,0.8807970779778823
9325315,10045175,3,0.9525741268224334
28061676,11061773,8,0.9996646498695336
8629417,9403933,1,0.7310585786300049
4255988,3631697,2,0.8807970779778823
1252,614070,1,0.7310585786300049
28062827,11167738,4,0.9820137900379085
27193779,321278,7,0.9990889488055994
1372780,1020639,1,0.7310585786300049
2948949,3983388,2,0.8807970779778823
8665467,12225546,1,0.7310585786300049
16174770,17592572,1,0.7310585786300049
4110016,25274085,1,0.7310585786300049
25837286,3301400,1,0.7310585786300049
4164482,1431547,1,0.7310585786300049
18825519,3214406,4,0.9820137900379085
22527813,16152925,1,0.7310585786300049
611921,8514,3,0.9525741268224334
25661063,14089735,1,0.7310585786300049
3623050,14159669,7,0.9990889488055994
25274085,4110016,1,0.7310585786300049
3342055,11545928,1,0.7310585786300049
21129265,22873447,4,0.9820137900379085
27903690,23096959,1,0.7310585786300049
16665655,4128353,5,0.9933071490757153
24560307,9060347,3,0.9525741268224334
6115789,5312648,1,0.7310585786300049
79352,1009207,1,0.7310585786300049
10995659,481872,1,0.7310585786300049
481872,7691631,1,0.7310585786300049
1460385,1446467,1,0.7310585786300049
10154685,5400018,1,0.7310585786300049
7691631,11589713,1,0.7310585786300049
12164369,5811958,1,0.7310585786300049
11545371,7212432,1,0.7310585786300049
22442668,20580498,18,0.9999999847700205
6182775,596892,1,0.7310585786300049
24500594,4648505,2,0.8807970779778823
17327535,65252,1,0.7310585786300049
9996255,7586424,8,0.9996646498695336
21679569,23876490,2,0.8807970779778823
212862,8514,1,0.7310585786300049
27382506,23096959,1,0.7310585786300049
17301522,28669836,1,0.7310585786300049
17780645,2508083,1,0.7310585786300049
2055965,3455070,5,0.9933071490757153
16366081,9252533,7,0.9990889488055994
8514,1145832,2,0.8807970779778823
5694513,14812631,2,0.8807970779778823
20882845,19745004,2,0.8807970779778823
2649031,26096505,1,0.7310585786300049
22965155,1380117,1,0.7310585786300049
10707658,26553597,1,0.7310585786300049
6660536,13934856,8,0.9996646498695336
1599151,2331534,2,0.8807970779778823
2011783,4262493,6,0.9975273768433653
10064545,3678731,1,0.7310585786300049
4128353,3319769,9,0.9998766054240137
8884539,5731348,2,0.8807970779778823
4106792,206084,7,0.9990889488055994
9992330,12310030,4,0.9820137900379085
7764559,10697582,1,0.7310585786300049
13815417,23096959,1,0.7310585786300049
23198783,9403933,1,0.7310585786300049
5741125,14712850,1,0.7310585786300049
4435792,3149845,1,0.7310585786300049
27193779,5187096,1,0.7310585786300049
26119962,26399616,2,0.8807970779778823
958314,7691631,1,0.7310585786300049
21413198,15062869,1,0.7310585786300049
8514,392785,1,0.7310585786300049
19939216,6543378,8,0.9996646498695336
22369178,13078968,1,0.7310585786300049
17303641,7887296,1,0.7310585786300049
13347640,238983,5,0.9933071490757153
16563587,11225014,3,0.9525741268224334
2935735,3100121,1,0.7310585786300049
2935735,9384267,1,0.7310585786300049
14299077,1312351,1,0.7310585786300049
19606628,20929025,4,0.9820137900379085
2370458,4423776,2,0.8807970779778823
104937,8514,1,0.7310585786300049
5830987,24560307,1,0.7310585786300049
21386310,16688238,2,0.8807970779778823
22584039,2055965,1,0.7310585786300049
3171862,2006302,1,0.7310585786300049
5710848,19006435,1,0.7310585786300049
24198103,14430294,1,0.7310585786300049
25042195,6093316,1,0.7310585786300049
1090311,26094060,2,0.8807970779778823
14448779,2081289,3,0.9525741268224334
19692503,9325315,4,0.9820137900379085
19692503,9530789,3,0.9525741268224334
15188780,27764892,1,0.7310585786300049
24898177,14125254,3,0.9525741268224334
15145867,6404963,1,0.7310585786300049
714074,12225546,1,0.7310585786300049
22652644,28199205,2,0.8807970779778823
3166814,910744,1,0.7310585786300049
29249482,847885,2,0.8807970779778823
22660201,22993377,1,0.7310585786300049
24951510,20460946,4,0.9820137900379085
3988342,1217614,1,0.7310585786300049
30183842,2067253,3,0.9525741268224334
18533350,16152925,2,0.8807970779778823
21831425,9992330,1,0.7310585786300049
27562508,25592861,1,0.7310585786300049
22507007,2536587,2,0.8807970779778823
238983,13347640,9,0.9998766054240137
3955647,349241,2,0.8807970779778823
20929025,6093316,2,0.8807970779778823
30093172,25567730,1,0.7310585786300049
5497,1784628,1,0.7310585786300049
25959820,13392416,1,0.7310585786300049
29421384,3678731,1,0.7310585786300049
4291387,6766558,1,0.7310585786300049
3215654,2293158,1,0.7310585786300049
7653178,3867127,1,0.7310585786300049
658518,6235174,1,0.7310585786300049
26655380,24560307,1,0.7310585786300049
6267158,5710341,1,0.7310585786300049
11396385,25592861,2,0.8807970779778823
9908723,5888353,1,0.7310585786300049
15221515,2665618,1,0.7310585786300049
11545371,4039952,1,0.7310585786300049
12445598,7876204,1,0.7310585786300049
2228226,2510503,1,0.7310585786300049
24946152,6884828,1,0.7310585786300049
4330620,2931111,2,0.8807970779778823
6660536,24865368,7,0.9990889488055994
6660536,5346495,2,0.8807970779778823
14757903,9979119,6,0.9975273768433653
20580498,12574344,6,0.9975273768433653
203666,23487443,1,0.7310585786300049
6093316,20929025,5,0.9933071490757153
31090585,27196756,2,0.8807970779778823
19692503,5151909,1,0.7310585786300049
206084,1446467,2,0.8807970779778823
18194030,20100867,2,0.8807970779778823
12646044,4297273,3,0.9525741268224334
19257170,9530789,2,0.8807970779778823
19257170,19692503,1,0.7310585786300049
5811958,12164369,1,0.7310585786300049
20882412,21388550,1,0.7310585786300049
16652218,16764080,1,0.7310585786300049
10270250,24560307,2,0.8807970779778823
1090311,25312483,1,0.7310585786300049
9214768,206084,6,0.9975273768433653
17931173,17815037,1,0.7310585786300049
28366058,20666775,1,0.7310585786300049
5832751,2835111,2,0.8807970779778823
2508083,15974409,1,0.7310585786300049
15974409,2508083,1,0.7310585786300049
9524363,11939484,2,0.8807970779778823
9524363,1460385,1,0.7310585786300049
20460946,24951510,4,0.9820137900379085
28107304,8962829,2,0.8807970779778823
5532320,25003905,3,0.9525741268224334
535266,417389,1,0.7310585786300049
22577138,671825,1,0.7310585786300049
15712730,28671602,1,0.7310585786300049
17224370,14724975,1,0.7310585786300049
11167738,15355019,1,0.7310585786300049
6054707,3623050,1,0.7310585786300049
29891188,11061773,10,0.9999546021312976
2649031,14089735,1,0.7310585786300049
16106422,2665618,1,0.7310585786300049
23115931,19272315,1,0.7310585786300049
28671602,26820697,1,0.7310585786300049
1857825,22321368,1,0.7310585786300049
907410,478996,1,0.7310585786300049
11061773,31404632,5,0.9933071490757153
3910945,1219074,1,0.7310585786300049
17152449,14089735,1,0.7310585786300049
11682335,486550,2,0.8807970779778823
30468314,27196756,2,0.8807970779778823
692528,854078,1,0.7310585786300049
19872456,10270250,3,0.9525741268224334
24774658,6670942,2,0.8807970779778823
12574344,20580498,1,0.7310585786300049
527644,11264371,1,0.7310585786300049
15090814,108278,6,0.9975273768433653
30027163,5710341,1,0.7310585786300049
952189,349241,4,0.9820137900379085
27148891,30430269,2,0.8807970779778823
13941428,3427405,1,0.7310585786300049
8393,8514,1,0.7310585786300049
8135462,2665618,3,0.9525741268224334
24560307,11888510,1,0.7310585786300049
447184,363387,2,0.8807970779778823
9325315,10126908,8,0.9996646498695336
18533350,18026324,1,0.7310585786300049
4066227,931135,1,0.7310585786300049
2222347,611921,2,0.8807970779778823
27433386,25538333,1,0.7310585786300049
28627094,20580498,2,0.8807970779778823
15508537,17084864,1,0.7310585786300049
24718080,20021829,5,0.9933071490757153
5346495,24865368,1,0.7310585786300049
5346495,6660536,2,0.8807970779778823
238972,238986,9,0.9998766054240137
11888510,10270250,3,0.9525741268224334
10126908,9325315,11,0.999983298578152
910744,910757,1,0.7310585786300049
1446467,1362490,1,0.7310585786300049
24865368,6660536,9,0.9998766054240137
25003905,5532320,2,0.8807970779778823
20897575,20882845,4,0.9820137900379085
1064563,11851236,1,0.7310585786300049
5474834,5806776,1,0.7310585786300049
9060347,24560307,1,0.7310585786300049
4010478,3678731,1,0.7310585786300049
21950910,6506651,1,0.7310585786300049
24560307,599695,1,0.7310585786300049
4128353,11545928,1,0.7310585786300049
3638964,24474138,1,0.7310585786300049
12256376,14562056,61,1.0
18533350,16999953,2,0.8807970779778823
734934,26820697,1,0.7310585786300049
238986,238972,3,0.9525741268224334
16384837,6543378,2,0.8807970779778823
31404632,11061773,7,0.9990889488055994
25882864,658518,1,0.7310585786300049
26885919,26650305,6,0.9975273768433653
4821436,2935735,2,0.8807970779778823
23403252,27776551,5,0.9933071490757153
17324120,27776551,3,0.9525741268224334
21397581,10270250,1,0.7310585786300049
321278,3342055,3,0.9525741268224334
238972,910744,1,0.7310585786300049
363387,238972,2,0.8807970779778823
13726895,3319769,1,0.7310585786300049
7083242,23096959,2,0.8807970779778823
1606654,3786218,1,0.7310585786300049
12765913,1200050,1,0.7310585786300049
5254650,1090311,3,0.9525741268224334
4912314,3638964,1,0.7310585786300049
24850617,943149,1,0.7310585786300049
22641745,15480067,6,0.9975273768433653
10697582,321278,1,0.7310585786300049
22387458,2055965,2,0.8807970779778823
27494663,10826219,2,0.8807970779778823
10435644,10707658,1,0.7310585786300049
4973784,3308958,24,0.9999999999622486
2932773,1020639,3,0.9525741268224334
24774804,931135,1,0.7310585786300049
12468921,8276387,1,0.7310585786300049
1965901,3342055,1,0.7310585786300049
8201256,206084,2,0.8807970779778823
11369603,17912002,1,0.7310585786300049
28726977,481872,1,0.7310585786300049
28305425,28394156,1,0.7310585786300049
21243212,11061773,1,0.7310585786300049
8100172,6578551,4,0.9820137900379085
27620277,2833537,3,0.9525741268224334
2833537,5932749,1,0.7310585786300049
19097645,17374628,1,0.7310585786300049
108278,4210958,1,0.7310585786300049
26702968,1784628,1,0.7310585786300049
20962139,15355019,1,0.7310585786300049
2293158,18219900,1,0.7310585786300049
43371,27,1,0.7310585786300049
20666775,28366058,1,0.7310585786300049
4222911,20580498,2,0.8807970779778823
238983,238986,1,0.7310585786300049
6766558,7508411,1,0.7310585786300049
71019,588600,1,0.7310585786300049
19745004,20558462,2,0.8807970779778823
27561243,30430269,3,0.9525741268224334
14812631,3342055,2,0.8807970779778823
2023124,3238243,1,0.7310585786300049
3238243,2023124,1,0.7310585786300049
238972,27,1,0.7310585786300049
1739767,206084,1,0.7310585786300049
1424470,4268140,1,0.7310585786300049
17821820,1200050,1,0.7310585786300049
758079,9403933,1,0.7310585786300049
901277,4106792,1,0.7310585786300049
18849374,14089735,1,0.7310585786300049
4637221,19548750,3,0.9525741268224334
1801829,3016562,2,0.8807970779778823
9954101,14982460,1,0.7310585786300049
7411076,1272666,1,0.7310585786300049
4348524,167174,1,0.7310585786300049
16354995,308770,1,0.7310585786300049
25324340,2996011,1,0.7310585786300049
19868180,18818187,2,0.8807970779778823
24669372,4723248,1,0.7310585786300049
6255503,931135,1,0.7310585786300049
20962139,24560307,1,0.7310585786300049
22252531,4555644,1,0.7310585786300049
8780590,22361331,1,0.7310585786300049
15670215,143580,1,0.7310585786300049
23627382,22148545,1,0.7310585786300049
3288595,3308958,6,0.9975273768433653
10270250,11888510,1,0.7310585786300049
1380117,27652771,4,0.9820137900379085
2752522,2751199,1,0.7310585786300049
29600667,26509369,7,0.9990889488055994
17558946,321278,2,0.8807970779778823
26077653,10270250,1,0.7310585786300049
24669372,1020639,5,0.9933071490757153
22002175,9787757,1,0.7310585786300049
29939198,27776551,2,0.8807970779778823
27105154,24560307,1,0.7310585786300049
27105154,4128353,2,0.8807970779778823
4137249,9090937,2,0.8807970779778823
4090287,3678731,1,0.7310585786300049
2916197,507775,1,0.7310585786300049
904810,8514,1,0.7310585786300049
9530789,19257170,1,0.7310585786300049
15191676,7083242,1,0.7310585786300049
6543378,19939216,2,0.8807970779778823
15168264,1460385,2,0.8807970779778823
4128353,321278,2,0.8807970779778823
13131245,6209952,2,0.8807970779778823
3631697,7691631,1,0.7310585786300049
11589713,23096959,1,0.7310585786300049
22993377,22660201,9,0.9998766054240137
3193719,4164482,1,0.7310585786300049
30433396,21399598,1,0.7310585786300049
11002815,858127,1,0.7310585786300049
26661814,1090311,2,0.8807970779778823
12983151,507775,1,0.7310585786300049
2297550,4079740,2,0.8807970779778823
24917465,8569918,1,0.7310585786300049
11061773,15426083,1,0.7310585786300049
2935735,1254497,9,0.9998766054240137
11667865,7362671,1,0.7310585786300049
25476601,1090311,2,0.8807970779778823
19360616,7691631,10,0.9999546021312976
1093228,17049596,1,0.7310585786300049
5474834,2729788,2,0.8807970779778823
10435644,16297763,1,0.7310585786300049
11796974,478996,2,0.8807970779778823
23519392,206084,1,0.7310585786300049
1914329,23096959,1,0.7310585786300049
27562508,25652980,1,0.7310585786300049
16180517,5952670,3,0.9525741268224334
23291630,14087781,1,0.7310585786300049
14087781,23291630,1,0.7310585786300049
1446467,993110,1,0.7310585786300049
17197934,2945088,1,0.7310585786300049
1801329,238972,1,0.7310585786300049
1032,15045751,1,0.7310585786300049
238972,238983,5,0.9933071490757153
17930752,17950592,1,0.7310585786300049
14663768,714074,1,0.7310585786300049
3351871,206084,1,0.7310585786300049
13695735,10126908,1,0.7310585786300049
11419775,11949423,1,0.7310585786300049
26553597,10707658,1,0.7310585786300049
6052682,206084,1,0.7310585786300049
5433677,3319769,1,0.7310585786300049
2410676,5801666,1,0.7310585786300049
1195004,7639232,1,0.7310585786300049
10126908,10975056,1,0.7310585786300049
2410676,1446467,1,0.7310585786300049
2410676,1362490,8,0.9996646498695336
7480345,23148176,1,0.7310585786300049
4090287,16029103,1,0.7310585786300049
9998516,20580498,1,0.7310585786300049
26077653,15062869,1,0.7310585786300049
27652771,1380117,2,0.8807970779778823
1599397,2338279,1,0.7310585786300049
4025121,13049233,1,0.7310585786300049
238972,447184,2,0.8807970779778823
8966356,17728164,1,0.7310585786300049
1632980,1301745,1,0.7310585786300049
14003349,1200050,1,0.7310585786300049
9511641,2067253,1,0.7310585786300049
17671906,17912002,1,0.7310585786300049
17671906,16184890,1,0.7310585786300049
16184890,17912002,1,0.7310585786300049
11931032,12136863,2,0.8807970779778823
20110347,16843183,1,0.7310585786300049
2476855,14089735,1,0.7310585786300049
20725617,18342541,1,0.7310585786300049
238983,238972,11,0.999983298578152
13667312,12912885,1,0.7310585786300049
206084,8201256,1,0.7310585786300049
27196756,31090585,1,0.7310585786300049
3579088,596892,1,0.7310585786300049
19257170,29491240,1,0.7310585786300049
27196756,30486405,1,0.7310585786300049
9996255,10067157,31,0.9999999999999656
308770,8514,1,0.7310585786300049
1402936,3342055,1,0.7310585786300049
4331833,12244838,2,0.8807970779778823
24117219,1385122,1,0.7310585786300049
24117219,658518,1,0.7310585786300049
16262387,14982460,1,0.7310585786300049
27227932,23627382,1,0.7310585786300049
4056288,17303641,1,0.7310585786300049
23797315,3319769,1,0.7310585786300049
20921872,19745004,1,0.7310585786300049
13384052,4648505,2,0.8807970779778823
28096281,13346571,2,0.8807970779778823
20653934,7691631,2,0.8807970779778823
20728874,25592861,1,0.7310585786300049
29105003,27776551,1,0.7310585786300049
979480,2114213,1,0.7310585786300049
22876353,15045751,1,0.7310585786300049
7741856,9393759,2,0.8807970779778823
3149845,4435792,6,0.9975273768433653
22442668,29500061,1,0.7310585786300049
10932604,168370,2,0.8807970779778823
16860049,7177096,1,0.7310585786300049
238986,238983,7,0.9990889488055994
28199205,22652644,1,0.7310585786300049
3449635,3449583,1,0.7310585786300049
6578551,8100172,2,0.8807970779778823
12414082,14105478,3,0.9525741268224334
27196756,30468314,1,0.7310585786300049
20789757,8514,2,0.8807970779778823
21950873,21950910,1,0.7310585786300049
11061773,2833537,2,0.8807970779778823
11061773,27620277,3,0.9525741268224334
28769620,13512328,1,0.7310585786300049
1090311,5254650,2,0.8807970779778823
21413198,24560307,1,0.7310585786300049
16297763,10707658,2,0.8807970779778823
893522,11545928,1,0.7310585786300049
12446895,3016562,1,0.7310585786300049
167174,45547,3,0.9525741268224334
3214406,23021810,1,0.7310585786300049
27427758,27427417,2,0.8807970779778823
26825462,28305425,1,0.7310585786300049
25606869,4723248,1,0.7310585786300049
26077653,26800584,2,0.8807970779778823
321278,19872239,2,0.8807970779778823
2081290,2081289,2,0.8807970779778823
8927771,9060347,1,0.7310585786300049
1362490,15515181,1,0.7310585786300049
10391073,26437605,1,0.7310585786300049
22119747,7691631,1,0.7310585786300049
24560307,24835467,1,0.7310585786300049
28710753,1385122,1,0.7310585786300049
2136524,658518,1,0.7310585786300049
8962829,757363,6,0.9975273768433653
11796974,757363,9,0.9998766054240137
45547,167174,7,0.9990889488055994
206084,4106792,9,0.9998766054240137
19994257,20666775,1,0.7310585786300049
3876119,2634628,2,0.8807970779778823
1204412,7056202,1,0.7310585786300049
16745868,20260602,1,0.7310585786300049
2338279,1599397,2,0.8807970779778823
27719177,21399598,2,0.8807970779778823
10780607,32848140,2,0.8807970779778823
23059575,7691631,4,0.9820137900379085
14798348,24946152,1,0.7310585786300049
30859333,28924109,7,0.9990889488055994
2081289,28710753,1,0.7310585786300049
14448779,28710753,2,0.8807970779778823
3427405,168370,3,0.9525741268224334
29217912,17620347,1,0.7310585786300049
19036577,3195124,1,0.7310585786300049
4137249,481872,1,0.7310585786300049
7394347,321278,1,0.7310585786300049
30056447,931135,1,0.7310585786300049
16520788,11116372,1,0.7310585786300049
30779589,14089735,1,0.7310585786300049
23984796,658518,7,0.9990889488055994
12706290,5612317,3,0.9525741268224334
27727916,3319769,2,0.8807970779778823
14536054,355634,1,0.7310585786300049
2331534,1599151,1,0.7310585786300049
8262427,481872,1,0.7310585786300049
11589713,7691631,5,0.9933071490757153
18023059,28155823,2,0.8807970779778823
32340557,23096959,3,0.9525741268224334
2163263,5830987,1,0.7310585786300049
19927831,20264700,2,0.8807970779778823
1362490,2410676,16,0.9999998874648379
22737337,22737329,1,0.7310585786300049
32104924,1784628,1,0.7310585786300049
15907354,9257808,2,0.8807970779778823
4648505,24500594,2,0.8807970779778823
23404839,27494663,1,0.7310585786300049
28677940,10344201,2,0.8807970779778823
7748227,447036,1,0.7310585786300049
2183193,23924195,1,0.7310585786300049
1725199,355893,1,0.7310585786300049
7411076,22155032,1,0.7310585786300049
1287859,2156455,3,0.9525741268224334
22982974,7639232,2,0.8807970779778823
19614228,321278,1,0.7310585786300049
4648505,13384052,2,0.8807970779778823
4106792,9214768,2,0.8807970779778823
26927081,26650305,3,0.9525741268224334
26885032,26650305,2,0.8807970779778823
12380069,7873535,2,0.8807970779778823
11896413,17372733,1,0.7310585786300049
20905275,17372733,1,0.7310585786300049
11324222,321278,1,0.7310585786300049
27776551,7209439,5,0.9933071490757153
20929025,21060126,1,0.7310585786300049
20929025,19606628,1,0.7310585786300049
4555644,24777832,1,0.7310585786300049
24560307,28096281,3,0.9525741268224334
8486799,9996255,1,0.7310585786300049
10846437,20100867,1,0.7310585786300049
4580780,321278,2,0.8807970779778823
357681,14089735,2,0.8807970779778823
1036336,19099484,1,0.7310585786300049
32403967,12791642,8,0.9996646498695336
8270619,4197769,1,0.7310585786300049
20580498,23096959,2,0.8807970779778823
21233191,27729907,1,0.7310585786300049
26050796,9996255,5,0.9933071490757153
11589713,13234395,4,0.9820137900379085
854078,692528,1,0.7310585786300049
32270084,24910542,1,0.7310585786300049
25331009,308770,2,0.8807970779778823
4704710,1385122,4,0.9820137900379085
21796735,5151909,1,0.7310585786300049
213469,867564,1,0.7310585786300049
15045751,11589713,1,0.7310585786300049
23774298,23770421,2,0.8807970779778823
32848140,10780607,2,0.8807970779778823
1232968,596892,1,0.7310585786300049
12820537,261943,1,0.7310585786300049
611921,447184,1,0.7310585786300049
6966619,777444,1,0.7310585786300049
10975056,10126908,1,0.7310585786300049
14712850,22700458,2,0.8807970779778823
481872,321278,1,0.7310585786300049
19896256,321278,1,0.7310585786300049
6780534,1466080,1,0.7310585786300049
12498335,9996255,10,0.9999546021312976
1516094,4738266,2,0.8807970779778823
26873147,27790789,1,0.7310585786300049
98540,79712,2,0.8807970779778823
2081289,1385122,2,0.8807970779778823
11061773,28061676,1,0.7310585786300049
730070,4434126,1,0.7310585786300049
658518,788264,1,0.7310585786300049
355634,3867127,1,0.7310585786300049
28394156,28305425,1,0.7310585786300049
7344953,37690,2,0.8807970779778823
31404632,29891188,1,0.7310585786300049
14089735,357681,1,0.7310585786300049
24254047,14089735,1,0.7310585786300049
10067157,9996255,12,0.9999938558253978
7529257,2594187,4,0.9820137900379085
25627422,15800559,1,0.7310585786300049
12511640,17558946,1,0.7310585786300049
32452938,3468294,1,0.7310585786300049
3794049,1549395,5,0.9933071490757153
2916712,507775,8,0.9996646498695336
27563721,30921526,2,0.8807970779778823
14000045,3195124,1,0.7310585786300049
16185172,14225208,2,0.8807970779778823
10851820,13815852,1,0.7310585786300049
238986,13347640,6,0.9975273768433653
13347640,238986,3,0.9525741268224334
8962829,167174,2,0.8807970779778823
18107697,16349163,1,0.7310585786300049
11061773,5932749,1,0.7310585786300049
218157,13807606,1,0.7310585786300049
10270250,321278,1,0.7310585786300049
28283593,26516210,2,0.8807970779778823
11589713,11225014,1,0.7310585786300049
24395109,13631558,1,0.7310585786300049
13631558,24395109,1,0.7310585786300049
24474126,24474138,4,0.9820137900379085
11164718,9521528,1,0.7310585786300049
2649214,5830987,1,0.7310585786300049
5312648,5282596,1,0.7310585786300049
10344201,6607925,1,0.7310585786300049
6607925,10344201,1,0.7310585786300049
29985850,13305534,2,0.8807970779778823
22148545,23627382,3,0.9525741268224334
28223616,10270250,1,0.7310585786300049
13258039,355893,1,0.7310585786300049
15350898,11753734,1,0.7310585786300049
30701212,19745004,2,0.8807970779778823
13810259,15337722,3,0.9525741268224334
10041891,11778024,1,0.7310585786300049
25077882,24560307,1,0.7310585786300049
24910542,32270084,1,0.7310585786300049
21116798,9996255,1,0.7310585786300049
25838895,1451352,1,0.7310585786300049
29688210,14105478,1,0.7310585786300049
24560307,20929025,1,0.7310585786300049
20307596,13230665,1,0.7310585786300049
16180304,5952670,1,0.7310585786300049
484788,919161,1,0.7310585786300049
8251925,5400018,1,0.7310585786300049
8044474,481872,1,0.7310585786300049
18689903,3149845,2,0.8807970779778823
15042339,321278,1,0.7310585786300049
10851820,29455960,4,0.9820137900379085
1385122,28710753,2,0.8807970779778823
25003905,7804910,1,0.7310585786300049
23876490,21679569,1,0.7310585786300049
11843609,23096959,1,0.7310585786300049
11851236,1064563,1,0.7310585786300049
16152925,18533350,2,0.8807970779778823
3757512,9996255,2,0.8807970779778823
22737333,21909749,1,0.7310585786300049
16185172,21449162,3,0.9525741268224334
20638880,25003905,1,0.7310585786300049
22480578,5775917,1,0.7310585786300049
13633443,20304586,1,0.7310585786300049
4011054,5694513,1,0.7310585786300049
13124802,14151539,1,0.7310585786300049
11446601,1105519,1,0.7310585786300049
6884828,3329386,1,0.7310585786300049
810796,8514,1,0.7310585786300049
6645850,6486826,1,0.7310585786300049
13672849,32170696,5,0.9933071490757153
26195776,15480067,1,0.7310585786300049
16184890,17671906,1,0.7310585786300049
4989235,641512,1,0.7310585786300049
9787757,1725199,1,0.7310585786300049
32170696,13672849,1,0.7310585786300049
37690,7344953,1,0.7310585786300049
23335023,321278,1,0.7310585786300049
9244177,3342055,1,0.7310585786300049
28402826,167174,2,0.8807970779778823
5932749,931039,2,0.8807970779778823
5483330,1039520,1,0.7310585786300049
18409797,14430294,2,0.8807970779778823
16286131,20897561,4,0.9820137900379085
15666354,1284185,1,0.7310585786300049
2305374,84822,1,0.7310585786300049
25331009,481872,1,0.7310585786300049
714074,3678731,2,0.8807970779778823
9703957,9478219,1,0.7310585786300049
2634628,1142976,1,0.7310585786300049
28710753,7056202,1,0.7310585786300049
7056202,28710753,1,0.7310585786300049
15846674,11061773,1,0.7310585786300049
25738703,19008038,1,0.7310585786300049
1844251,3796237,1,0.7310585786300049
17923502,6506651,1,0.7310585786300049
21338881,3214406,1,0.7310585786300049
3885202,3911317,1,0.7310585786300049
3911317,3885202,1,0.7310585786300049
20789757,28627094,1,0.7310585786300049
20100867,9325315,2,0.8807970779778823
23096959,32340557,1,0.7310585786300049
2228226,3198415,1,0.7310585786300049
26229585,15309233,4,0.9820137900379085
13815852,17286587,1,0.7310585786300049
1084114,2556327,3,0.9525741268224334
4434126,730070,5,0.9933071490757153
8711353,16831466,1,0.7310585786300049
31614586,10312708,1,0.7310585786300049
22252531,7691631,1,0.7310585786300049
26077653,19872456,1,0.7310585786300049
10066825,931135,1,0.7310585786300049
557980,10932532,1,0.7310585786300049
22321368,10040960,4,0.9820137900379085
20785986,658518,2,0.8807970779778823
14562056,12256376,1,0.7310585786300049
8715146,20460946,1,0.7310585786300049
5801666,2410676,1,0.7310585786300049
5303123,658518,2,0.8807970779778823
6209952,19848353,1,0.7310585786300049
31492490,29103567,5,0.9933071490757153
27620277,11061773,1,0.7310585786300049
14812631,9384267,1,0.7310585786300049
3016562,14089735,1,0.7310585786300049
1801829,24560307,1,0.7310585786300049
10616272,771016,1,0.7310585786300049
893522,321278,1,0.7310585786300049
9996255,22395078,3,0.9525741268224334
15309233,26229585,2,0.8807970779778823
17912002,11369603,1,0.7310585786300049
3745077,206084,3,0.9525741268224334
16962074,12892263,2,0.8807970779778823
907410,167174,1,0.7310585786300049
15971562,15168264,3,0.9525741268224334
9996255,8486799,7,0.9990889488055994
24195339,32405591,2,0.8807970779778823
25538333,25537901,2,0.8807970779778823
911765,25252102,1,0.7310585786300049
32181539,1446467,1,0.7310585786300049
28882767,447036,4,0.9820137900379085
14151539,13124802,2,0.8807970779778823
3468294,32452938,1,0.7310585786300049
27729907,27051771,1,0.7310585786300049
20819799,1090311,2,0.8807970779778823
9996255,3757512,2,0.8807970779778823
7764559,10270250,1,0.7310585786300049
20580498,19206385,1,0.7310585786300049
1844194,858127,2,0.8807970779778823
11180687,4222911,1,0.7310585786300049
2573058,929845,1,0.7310585786300049
18818187,25617835,2,0.8807970779778823
2156455,1287859,7,0.9990889488055994
2310495,2381732,2,0.8807970779778823
8962829,18566373,7,0.9990889488055994
1984460,1920851,1,0.7310585786300049
11949423,10932604,1,0.7310585786300049
17152449,19406251,1,0.7310585786300049
6506651,17923502,1,0.7310585786300049
1329931,10270250,2,0.8807970779778823
481872,10995659,1,0.7310585786300049
9998516,7691631,2,0.8807970779778823
20962139,321278,1,0.7310585786300049
1272666,1451352,1,0.7310585786300049
21394954,764708,1,0.7310585786300049
9257808,15907354,1,0.7310585786300049
31858042,24474126,1,0.7310585786300049
4077502,108278,1,0.7310585786300049
15778981,12983151,1,0.7310585786300049
25312459,1090311,1,0.7310585786300049
30649544,22002058,1,0.7310585786300049
2203645,6612466,2,0.8807970779778823
18529961,18421590,5,0.9933071490757153
18225913,19272315,2,0.8807970779778823
4090287,1276752,1,0.7310585786300049
2410676,16165969,1,0.7310585786300049
11180687,206084,1,0.7310585786300049
2510503,2228226,1,0.7310585786300049
28054492,455600,1,0.7310585786300049
22271793,3813151,1,0.7310585786300049
20297645,9004241,1,0.7310585786300049
7136348,206084,1,0.7310585786300049
19529740,8266573,3,0.9525741268224334
30921526,27563721,1,0.7310585786300049
19154916,27776551,1,0.7310585786300049
9325315,19692503,1,0.7310585786300049
26800584,26077653,1,0.7310585786300049
17196388,2945088,1,0.7310585786300049
4738266,1516094,2,0.8807970779778823
110411,104937,1,0.7310585786300049
30474622,104937,1,0.7310585786300049
14406721,6660536,1,0.7310585786300049
16029103,4090287,1,0.7310585786300049
16104394,4878628,1,0.7310585786300049
9879953,10183514,2,0.8807970779778823
10183514,9879953,1,0.7310585786300049
19406251,14089735,1,0.7310585786300049
2917192,17671906,1,0.7310585786300049
4128353,1283503,3,0.9525741268224334
20894140,19745004,2,0.8807970779778823
28643625,203666,1,0.7310585786300049
3080613,5282596,1,0.7310585786300049
11290232,488514,1,0.7310585786300049
11225014,23096959,1,0.7310585786300049
17912002,16184890,1,0.7310585786300049
22737333,22737329,1,0.7310585786300049
20653934,20580498,1,0.7310585786300049
11221453,488514,1,0.7310585786300049
1383170,14812631,1,0.7310585786300049
11796974,4380969,1,0.7310585786300049
3195124,137805,1,0.7310585786300049
26837192,321278,1,0.7310585786300049
15045751,27494663,1,0.7310585786300049
11290232,27903690,1,0.7310585786300049
1257514,2608337,1,0.7310585786300049
14089735,21546187,1,0.7310585786300049
5860977,3149845,1,0.7310585786300049
3638964,24474126,5,0.9933071490757153
1466922,3867127,1,0.7310585786300049
26650305,26885032,3,0.9525741268224334
17884222,5932749,2,0.8807970779778823
515585,10664,1,0.7310585786300049
19928304,19927831,1,0.7310585786300049
3757512,8486799,1,0.7310585786300049
478996,946945,1,0.7310585786300049
203076,7613257,1,0.7310585786300049
3857240,3301400,1,0.7310585786300049
10664,10453695,1,0.7310585786300049
19360616,14125254,2,0.8807970779778823
9461481,390510,1,0.7310585786300049
4000279,27888295,16,0.9999998874648379
22663585,17075030,1,0.7310585786300049
20580498,9787757,1,0.7310585786300049
20882845,20897575,1,0.7310585786300049
33588118,17163720,1,0.7310585786300049
28796010,7691631,1,0.7310585786300049
18409797,7253769,1,0.7310585786300049
32545743,30198400,2,0.8807970779778823
25691817,5710341,1,0.7310585786300049
1148352,596892,1,0.7310585786300049
9671862,2293158,1,0.7310585786300049
18421590,18529961,2,0.8807970779778823
3319769,4128353,1,0.7310585786300049
7804910,5532320,2,0.8807970779778823
722201,168370,1,0.7310585786300049
5474834,7789923,1,0.7310585786300049
30892477,788264,1,0.7310585786300049
13049233,4025121,1,0.7310585786300049
16053994,5262776,1,0.7310585786300049
72690,27609645,1,0.7310585786300049
24474138,24474126,19,0.9999999943972036
33264452,10391073,1,0.7310585786300049
30805535,30872453,1,0.7310585786300049
23540628,29688210,1,0.7310585786300049
23540628,22137709,3,0.9525741268224334
15947557,24993103,6,0.9975273768433653
23540628,15510233,6,0.9975273768433653
7247341,19614228,1,0.7310585786300049
10975056,9325315,1,0.7310585786300049
5481861,3638964,1,0.7310585786300049
1549395,34431301,1,0.7310585786300049
1272666,10697582,1,0.7310585786300049
14562056,5710341,1,0.7310585786300049
10067157,9139165,1,0.7310585786300049
8486799,10067157,3,0.9525741268224334
8486799,9139165,1,0.7310585786300049
13220460,12256376,1,0.7310585786300049
203666,29195078,8,0.9996646498695336
4597815,2788503,1,0.7310585786300049
31710936,3678731,1,0.7310585786300049
21170375,7833168,1,0.7310585786300049
7691631,15045751,2,0.8807970779778823
29628695,26964106,1,0.7310585786300049
29882024,7910045,1,0.7310585786300049
7705565,1549395,1,0.7310585786300049
34431301,488514,2,0.8807970779778823
2661753,1036336,1,0.7310585786300049
25042195,321278,1,0.7310585786300049
25789674,7691631,1,0.7310585786300049
24382273,25940652,1,0.7310585786300049
32883613,24382273,1,0.7310585786300049
206084,9214768,3,0.9525741268224334
19981805,9004241,1,0.7310585786300049
20304586,13633443,1,0.7310585786300049
19939216,16384837,3,0.9525741268224334
6543378,16384837,1,0.7310585786300049
6898391,19524397,1,0.7310585786300049
17482306,13392416,2,0.8807970779778823
24741384,321278,1,0.7310585786300049
20897561,16286131,3,0.9525741268224334
28238422,4164482,1,0.7310585786300049
13729434,2935735,3,0.9525741268224334
33410771,488514,2,0.8807970779778823
24325875,16746795,1,0.7310585786300049
16746795,24325875,2,0.8807970779778823
12310030,9992330,1,0.7310585786300049
26094060,1090311,3,0.9525741268224334
238983,168370,1,0.7310585786300049
507775,7833168,1,0.7310585786300049
22442668,7691631,3,0.9525741268224334
17293189,3149845,1,0.7310585786300049
9603889,3342055,1,0.7310585786300049
19289265,22844223,2,0.8807970779778823
16286131,8629417,4,0.9820137900379085
1362490,11939484,1,0.7310585786300049
5617672,26648250,1,0.7310585786300049
4331836,4331833,1,0.7310585786300049
33653601,33653617,4,0.9820137900379085
10312708,11589713,1,0.7310585786300049
11589713,10312708,3,0.9525741268224334
16584540,30210846,1,0.7310585786300049
33410771,1549395,2,0.8807970779778823
9139165,22395078,2,0.8807970779778823
21347346,29103567,3,0.9525741268224334
10453695,17832726,1,0.7310585786300049
15971562,890377,1,0.7310585786300049
7586424,9996255,2,0.8807970779778823
1549395,33493203,1,0.7310585786300049
10064545,4380969,1,0.7310585786300049
1039520,206084,1,0.7310585786300049
30307501,13729434,2,0.8807970779778823
10851820,349241,1,0.7310585786300049
349241,952189,3,0.9525741268224334
6780767,6670942,4,0.9820137900379085
11778024,10041891,3,0.9525741268224334
9325315,10975056,2,0.8807970779778823
20819799,5254650,1,0.7310585786300049
1861458,26066727,3,0.9525741268224334
3067553,1549395,3,0.9525741268224334
23540628,18399519,2,0.8807970779778823
20230364,19745004,1,0.7310585786300049
10067157,26050796,1,0.7310585786300049
27293877,19745004,1,0.7310585786300049
942903,24560307,1,0.7310585786300049
30027163,12970971,1,0.7310585786300049
24750581,20919134,1,0.7310585786300049
10755256,3214406,1,0.7310585786300049
12256376,13220460,2,0.8807970779778823
7792553,3149845,2,0.8807970779778823
9996255,9139165,11,0.999983298578152
31001374,30144828,1,0.7310585786300049
32120717,20929025,1,0.7310585786300049
31227376,31227320,2,0.8807970779778823
31227320,31227376,2,0.8807970779778823
12127251,2935735,1,0.7310585786300049
19704072,203666,1,0.7310585786300049
9831101,507775,1,0.7310585786300049
3757512,26050796,2,0.8807970779778823
28921747,24444557,5,0.9933071490757153
16026402,5550567,2,0.8807970779778823
27,363387,1,0.7310585786300049
16726595,1787757,1,0.7310585786300049
19483273,4128353,1,0.7310585786300049
29917715,9139165,2,0.8807970779778823
658518,2608337,1,0.7310585786300049
4243142,33945,1,0.7310585786300049
10827035,9996255,2,0.8807970779778823
15510233,23540628,4,0.9820137900379085
22390925,17728164,1,0.7310585786300049
17728164,22390925,1,0.7310585786300049
206084,8077760,3,0.9525741268224334
3308958,4973784,5,0.9933071490757153
32409782,5400018,1,0.7310585786300049
33076155,32409782,1,0.7310585786300049
27888295,4000279,4,0.9820137900379085
1962219,10664,1,0.7310585786300049
658518,33653617,2,0.8807970779778823
30872453,30805535,1,0.7310585786300049
1039520,5483330,1,0.7310585786300049
19390712,2006876,4,0.9820137900379085
13392416,25959820,1,0.7310585786300049
26050796,7083240,1,0.7310585786300049
10379106,931039,2,0.8807970779778823
19872239,321278,1,0.7310585786300049
597879,12670444,1,0.7310585786300049
1549395,3067553,3,0.9525741268224334
24571765,23899906,1,0.7310585786300049
22844223,19289265,1,0.7310585786300049
143580,27823188,1,0.7310585786300049
29195078,203666,10,0.9999546021312976
168370,1090311,2,0.8807970779778823
17163720,33588118,1,0.7310585786300049
16469697,1039520,3,0.9525741268224334
24560307,1272666,1,0.7310585786300049
4591033,2935735,1,0.7310585786300049
21399598,3319769,1,0.7310585786300049
21700420,21679569,1,0.7310585786300049
30675223,15778059,1,0.7310585786300049
3038446,7786818,1,0.7310585786300049
20580498,2006876,3,0.9525741268224334
10045175,9325315,1,0.7310585786300049
6049573,6015874,1,0.7310585786300049
24740684,16396294,1,0.7310585786300049
13729434,30307501,1,0.7310585786300049
17832726,1028340,1,0.7310585786300049
12779410,8962829,1,0.7310585786300049
258750,4007018,1,0.7310585786300049
7209439,23096959,1,0.7310585786300049
15515181,2410676,1,0.7310585786300049
33336112,734934,5,0.9933071490757153
1028340,17832726,1,0.7310585786300049
2481963,7653178,1,0.7310585786300049
9996255,12498335,4,0.9820137900379085
18351718,21222979,2,0.8807970779778823
5952670,16180517,1,0.7310585786300049
1460385,1385122,1,0.7310585786300049
10067157,22395078,1,0.7310585786300049
6246304,3662176,1,0.7310585786300049
11796974,14169882,2,0.8807970779778823
27931142,27788951,3,0.9525741268224334
27931142,27804716,2,0.8807970779778823
16384837,19939216,6,0.9975273768433653
29491240,24951510,1,0.7310585786300049
12677322,321278,1,0.7310585786300049
29290473,5483330,1,0.7310585786300049
3757512,781028,1,0.7310585786300049
268027,32531480,2,0.8807970779778823
29455960,10851820,8,0.9996646498695336
108278,13824123,1,0.7310585786300049
22387458,22584039,2,0.8807970779778823
658518,33653601,9,0.9998766054240137
34597195,34837037,4,0.9820137900379085
24474138,3638964,8,0.9996646498695336
29217912,29996513,3,0.9525741268224334
11909121,26033134,1,0.7310585786300049
26033134,11909121,1,0.7310585786300049
14904442,7691631,1,0.7310585786300049
6668676,5806776,1,0.7310585786300049
34327471,34326028,1,0.7310585786300049
34819734,34869070,1,0.7310585786300049
28360638,32954806,11,0.999983298578152
7357595,7458003,1,0.7310585786300049
16764080,16652218,1,0.7310585786300049
30644093,18997610,1,0.7310585786300049
28269754,153204,1,0.7310585786300049
10459531,7613257,1,0.7310585786300049
31051234,26927972,1,0.7310585786300049
31051234,24382273,2,0.8807970779778823
23992530,29551018,2,0.8807970779778823
24668894,4128353,2,0.8807970779778823
9139165,9996255,4,0.9820137900379085
26235440,24718080,2,0.8807970779778823
9461481,5801666,1,0.7310585786300049
4268140,1424470,2,0.8807970779778823
6052672,6049573,1,0.7310585786300049
19872456,15480067,2,0.8807970779778823
27193779,11545928,3,0.9525741268224334
23992530,24777832,2,0.8807970779778823
12791642,32403967,1,0.7310585786300049
12791642,31136177,1,0.7310585786300049
25312483,5254650,1,0.7310585786300049
26927972,31051234,1,0.7310585786300049
25218927,24382273,1,0.7310585786300049
25184469,24382273,1,0.7310585786300049
20897561,8629417,1,0.7310585786300049
9979119,14757903,2,0.8807970779778823
31136177,32403967,2,0.8807970779778823
13941428,1549395,1,0.7310585786300049
26050796,10067157,1,0.7310585786300049
31492490,21347346,3,0.9525741268224334
33365023,26820697,1,0.7310585786300049
993110,6547965,2,0.8807970779778823
11796974,952189,9,0.9998766054240137
20310822,10041891,2,0.8807970779778823
10064545,14169882,1,0.7310585786300049
31375455,24395109,1,0.7310585786300049
19241830,24395109,1,0.7310585786300049
24386993,7653178,1,0.7310585786300049
24386993,2481963,1,0.7310585786300049
20580498,11225014,6,0.9975273768433653
18775306,1446467,1,0.7310585786300049
24668894,12511640,1,0.7310585786300049
658518,858127,1,0.7310585786300049
19831555,714074,1,0.7310585786300049
33744138,15836199,1,0.7310585786300049
1382471,1381673,1,0.7310585786300049
32104924,11667865,1,0.7310585786300049
3416274,3019537,3,0.9525741268224334
11061773,29891188,1,0.7310585786300049
357681,29891188,1,0.7310585786300049
26873220,21546187,1,0.7310585786300049
366200,7613257,1,0.7310585786300049
32954806,28360638,1,0.7310585786300049
29891188,27620277,1,0.7310585786300049
27758092,15337722,1,0.7310585786300049
8962829,10064545,4,0.9820137900379085
321278,33699956,9,0.9998766054240137
2006876,18997610,3,0.9525741268224334
16691792,16688238,5,0.9933071490757153
21909749,22737337,1,0.7310585786300049
6281902,3867127,1,0.7310585786300049
206084,11221453,1,0.7310585786300049
4596755,481872,1,0.7310585786300049
27452807,18225913,1,0.7310585786300049
79712,79352,1,0.7310585786300049
658518,20929025,1,0.7310585786300049
8966356,3638964,1,0.7310585786300049
2945088,23096959,1,0.7310585786300049
22137709,15510233,3,0.9525741268224334
566073,11545928,2,0.8807970779778823
7363211,18292022,1,0.7310585786300049
3301400,3857240,6,0.9975273768433653
28011613,3214406,2,0.8807970779778823
1451352,24560307,1,0.7310585786300049
5806776,6668676,3,0.9525741268224334
6235174,16008423,2,0.8807970779778823
29972131,4128353,1,0.7310585786300049
8077760,206084,1,0.7310585786300049
19124554,3594497,2,0.8807970779778823
27609645,72690,1,0.7310585786300049
25652980,11396385,4,0.9820137900379085
22846573,7691631,1,0.7310585786300049
24617259,33653601,1,0.7310585786300049
24617259,658518,1,0.7310585786300049
28924109,8271291,1,0.7310585786300049
27758092,3214406,1,0.7310585786300049
19927831,19928304,1,0.7310585786300049
26509369,13512328,1,0.7310585786300049
2090979,6296790,1,0.7310585786300049
10391073,8710321,6,0.9975273768433653
6547965,993110,1,0.7310585786300049
12499251,10040960,1,0.7310585786300049
23718631,4039952,1,0.7310585786300049
27433386,25537901,1,0.7310585786300049
13510362,6604361,1,0.7310585786300049
28283593,23096959,1,0.7310585786300049
24777832,23992530,1,0.7310585786300049
21909749,22737333,3,0.9525741268224334
11796974,16396294,1,0.7310585786300049
14003349,714074,1,0.7310585786300049
8767214,9384267,2,0.8807970779778823
30144828,31001374,1,0.7310585786300049
1381673,1382471,1,0.7310585786300049
1549395,33410771,1,0.7310585786300049
27576132,8966356,1,0.7310585786300049
33493203,1549395,1,0.7310585786300049
2989966,28643625,2,0.8807970779778823
15768911,11167738,1,0.7310585786300049
11796974,9309093,1,0.7310585786300049
33750123,9309093,1,0.7310585786300049
9008200,6899875,1,0.7310585786300049
24382273,32883613,1,0.7310585786300049
20929025,24560307,1,0.7310585786300049
206084,3745077,2,0.8807970779778823
28366058,23096959,2,0.8807970779778823
4128353,12511640,2,0.8807970779778823
10067157,8486799,4,0.9820137900379085
5298790,15189073,1,0.7310585786300049
10851820,5548784,1,0.7310585786300049
10012207,2006005,1,0.7310585786300049
23770421,1501888,1,0.7310585786300049
33653601,33653575,1,0.7310585786300049
9139165,10067157,2,0.8807970779778823
34326028,34327471,1,0.7310585786300049
25002984,321278,1,0.7310585786300049
9896583,34122184,2,0.8807970779778823
8587669,23096959,1,0.7310585786300049
33410771,614070,1,0.7310585786300049
9325315,28939972,1,0.7310585786300049
17157565,2729788,1,0.7310585786300049
14410778,23096959,2,0.8807970779778823
6235174,30892477,1,0.7310585786300049
3631697,28366058,1,0.7310585786300049
20882412,19745004,1,0.7310585786300049
10040970,10040960,1,0.7310585786300049
1451352,2931111,1,0.7310585786300049
30162008,27776551,1,0.7310585786300049
8745199,10469184,2,0.8807970779778823
23774298,33791453,3,0.9525741268224334
15861746,9207280,1,0.7310585786300049
11446206,1105519,1,0.7310585786300049
22252196,6543378,1,0.7310585786300049
12296490,10969551,1,0.7310585786300049
10399553,10399273,1,0.7310585786300049
3091591,3016562,1,0.7310585786300049
29103567,31492490,38,1.0
8290123,7512484,1,0.7310585786300049
206084,23519392,2,0.8807970779778823
31046054,7691631,9,0.9998766054240137
33653639,33653601,2,0.8807970779778823
15460666,15452919,1,0.7310585786300049
5312648,32102712,1,0.7310585786300049
3346602,1424470,2,0.8807970779778823
10575878,15045751,1,0.7310585786300049
31404980,23096959,3,0.9525741268224334
34869070,34819734,1,0.7310585786300049
2567844,5298790,2,0.8807970779778823
13384052,24500594,3,0.9525741268224334
9349840,13729434,4,0.9820137900379085
24692885,11225014,1,0.7310585786300049
16396294,321278,1,0.7310585786300049
25273785,23116127,6,0.9975273768433653
10350614,8745199,1,0.7310585786300049
20881761,20919134,2,0.8807970779778823
7833168,507775,1,0.7310585786300049
10178188,17307763,2,0.8807970779778823
1090311,614070,1,0.7310585786300049
6659004,3149845,1,0.7310585786300049
13257961,2594187,3,0.9525741268224334
15693680,7691631,3,0.9525741268224334
15480067,11061773,2,0.8807970779778823
27876939,34268206,1,0.7310585786300049
6670942,24774658,1,0.7310585786300049
32940722,32475785,3,0.9525741268224334
32475785,32940722,3,0.9525741268224334
21222979,10107472,1,0.7310585786300049
34823916,27654303,2,0.8807970779778823
16158381,15581687,1,0.7310585786300049
1122534,8514,2,0.8807970779778823
321278,614070,1,0.7310585786300049
19360616,11225014,1,0.7310585786300049
19360616,20580498,2,0.8807970779778823
12907373,23398306,3,0.9525741268224334
5474822,3149845,1,0.7310585786300049
27193779,34876145,1,0.7310585786300049
34508140,9301720,1,0.7310585786300049
34508140,321278,2,0.8807970779778823
11589713,13512328,6,0.9975273768433653
34647196,34294743,1,0.7310585786300049
27494663,19360616,2,0.8807970779778823
32093977,6855801,1,0.7310585786300049
8981131,14747279,1,0.7310585786300049
34423464,32969220,5,0.9933071490757153
6394704,3857240,1,0.7310585786300049
21992036,24951510,1,0.7310585786300049
24951510,21992036,1,0.7310585786300049
4110016,26658897,1,0.7310585786300049
28059353,20929025,1,0.7310585786300049
31391612,1090311,1,0.7310585786300049
15435,65252,3,0.9525741268224334
30198400,32545743,1,0.7310585786300049
19154916,7209439,1,0.7310585786300049
29806257,11061773,1,0.7310585786300049
3195124,8514,1,0.7310585786300049
32940722,24871990,3,0.9525741268224334
30043131,29704274,2,0.8807970779778823
34693515,2081289,1,0.7310585786300049
33653575,33653601,2,0.8807970779778823
30531423,29806257,1,0.7310585786300049
1784628,32104924,2,0.8807970779778823
11176360,34856295,1,0.7310585786300049
27024702,23770421,4,0.9820137900379085
35876853,671825,1,0.7310585786300049
10375607,23434056,1,0.7310585786300049
26127190,19606628,1,0.7310585786300049
33805382,11167738,1,0.7310585786300049
20004472,36058442,1,0.7310585786300049
19680412,3955647,1,0.7310585786300049
14089735,321278,1,0.7310585786300049
7083240,17458040,2,0.8807970779778823
27193779,12670444,2,0.8807970779778823
6452529,21244505,1,0.7310585786300049
5151909,9301720,1,0.7310585786300049
5151909,321278,1,0.7310585786300049
33791453,23774298,2,0.8807970779778823
28949681,9568894,3,0.9525741268224334
3606738,17163720,1,0.7310585786300049
757363,20929025,1,0.7310585786300049
11819493,12038459,1,0.7310585786300049
6093316,19606628,1,0.7310585786300049
18550041,6907993,3,0.9525741268224334
2296970,1200050,2,0.8807970779778823
18399519,23540628,1,0.7310585786300049
8629417,16286131,4,0.9820137900379085
23116127,25273785,4,0.9820137900379085
8514,7362671,1,0.7310585786300049
24871990,7653178,3,0.9525741268224334
22521755,14116604,2,0.8807970779778823
20919134,19745004,5,0.9933071490757153
2935735,1272666,1,0.7310585786300049
841835,28710753,5,0.9933071490757153
25033964,3016562,1,0.7310585786300049
22387458,3455070,1,0.7310585786300049
843222,858127,2,0.8807970779778823
6498492,321278,1,0.7310585786300049
24808739,14089735,1,0.7310585786300049
2556327,1084114,4,0.9820137900379085
17625480,11688522,1,0.7310585786300049
26747622,19745004,3,0.9525741268224334
9301720,321278,1,0.7310585786300049
24871990,32940722,8,0.9996646498695336
30210113,17832726,2,0.8807970779778823
6714663,943149,1,0.7310585786300049
10107472,21222979,2,0.8807970779778823
3720966,108278,2,0.8807970779778823
5532320,33507463,5,0.9933071490757153
34294743,34349757,1,0.7310585786300049
20580498,28627094,1,0.7310585786300049
29268631,2659467,2,0.8807970779778823
23059575,8347839,1,0.7310585786300049
1211978,380961,2,0.8807970779778823
19143802,790359,1,0.7310585786300049
21875770,34659664,2,0.8807970779778823
8768978,11939484,1,0.7310585786300049
7173240,597879,2,0.8807970779778823
24444557,28921747,2,0.8807970779778823
5225735,35104756,4,0.9820137900379085
2510503,3198415,1,0.7310585786300049
15045751,206084,1,0.7310585786300049
22234412,19745004,1,0.7310585786300049
29377344,24560307,1,0.7310585786300049
18292022,714074,1,0.7310585786300049
18292022,7363211,1,0.7310585786300049
18777006,2081289,1,0.7310585786300049
33791453,23770421,2,0.8807970779778823
13934856,6660536,2,0.8807970779778823
33044331,29028775,1,0.7310585786300049
27576132,23096959,1,0.7310585786300049
8589420,23096959,1,0.7310585786300049
7760890,24395109,1,0.7310585786300049
24891661,28710753,1,0.7310585786300049
2996011,3594497,1,0.7310585786300049
26648250,5617672,1,0.7310585786300049
23770421,3857240,2,0.8807970779778823
654608,843222,3,0.9525741268224334
12380069,13576006,4,0.9820137900379085
24195339,6093316,1,0.7310585786300049
2381732,2310495,2,0.8807970779778823
13633443,108278,1,0.7310585786300049
20929025,10064545,1,0.7310585786300049
10604766,481872,2,0.8807970779778823
2835111,1362490,1,0.7310585786300049
23690791,10270250,1,0.7310585786300049
26308508,26307245,1,0.7310585786300049
27575147,3214406,1,0.7310585786300049
10822741,2228226,1,0.7310585786300049
10199599,14051004,2,0.8807970779778823
1090311,25476601,1,0.7310585786300049
14329321,7691631,1,0.7310585786300049
27453670,9309093,1,0.7310585786300049
16219318,28643625,1,0.7310585786300049
10270250,29028775,1,0.7310585786300049
4056288,108278,1,0.7310585786300049
108278,4056288,1,0.7310585786300049
24195339,9060347,1,0.7310585786300049
13619340,3857240,1,0.7310585786300049
6612466,2203645,2,0.8807970779778823
26883938,5317353,4,0.9820137900379085
24349832,5830987,1,0.7310585786300049
17374628,17374588,2,0.8807970779778823
17307763,10178188,5,0.9933071490757153
19467101,13527761,1,0.7310585786300049
9478219,10391073,1,0.7310585786300049
4878628,9029977,1,0.7310585786300049
22443384,17089728,1,0.7310585786300049
14410778,507775,1,0.7310585786300049
35485373,26870928,1,0.7310585786300049
3759620,2776635,1,0.7310585786300049
2965621,952189,1,0.7310585786300049
20100867,9530789,1,0.7310585786300049
30349984,729744,2,0.8807970779778823
206084,3629537,3,0.9525741268224334
27866077,14089735,1,0.7310585786300049
8427528,10312708,1,0.7310585786300049
4335022,3626679,2,0.8807970779778823
34855687,11688522,1,0.7310585786300049
34856295,11688522,1,0.7310585786300049
11753734,15350898,1,0.7310585786300049
11213384,19360616,1,0.7310585786300049
30325550,206084,1,0.7310585786300049
30910514,9852918,1,0.7310585786300049
931039,321278,3,0.9525741268224334
34752262,714074,1,0.7310585786300049
23445209,321278,1,0.7310585786300049
35023956,9384267,1,0.7310585786300049
15480067,321278,1,0.7310585786300049
4137249,17303641,2,0.8807970779778823
36099221,30660747,1,0.7310585786300049
9925552,8711354,1,0.7310585786300049
11178845,16008423,1,0.7310585786300049
17303641,108278,2,0.8807970779778823
6498492,10697582,1,0.7310585786300049
3198415,2510503,1,0.7310585786300049
23797315,12511640,1,0.7310585786300049
4128353,3342055,2,0.8807970779778823
27549019,13078968,1,0.7310585786300049
15426083,21912119,1,0.7310585786300049
35489567,65252,2,0.8807970779778823
65252,35489567,1,0.7310585786300049
8347839,771016,1,0.7310585786300049
771016,8347839,1,0.7310585786300049
35242228,1105519,2,0.8807970779778823
13705182,13124802,3,0.9525741268224334
15380306,237159,1,0.7310585786300049
27150322,25652980,1,0.7310585786300049
31315021,30921526,2,0.8807970779778823
30808587,931039,1,0.7310585786300049
18889409,3594497,2,0.8807970779778823
9482875,2203645,1,0.7310585786300049
35243741,34349757,1,0.7310585786300049
35117189,34349757,1,0.7310585786300049
35054961,34349757,1,0.7310585786300049
35063507,34349757,1,0.7310585786300049
7833168,943149,1,0.7310585786300049
31829770,24195339,1,0.7310585786300049
24871990,3867127,1,0.7310585786300049
35104756,5225735,2,0.8807970779778823
18026324,18533350,1,0.7310585786300049
30959449,31346719,1,0.7310585786300049
31346719,30959449,1,0.7310585786300049
20929025,21413198,1,0.7310585786300049
17434992,321278,1,0.7310585786300049
3983388,2948949,1,0.7310585786300049
7551773,25033964,1,0.7310585786300049
18566373,5710341,1,0.7310585786300049
7765812,5262776,1,0.7310585786300049
22395078,7586424,1,0.7310585786300049
22395078,9139165,1,0.7310585786300049
16196446,10270250,1,0.7310585786300049
8514,32104924,1,0.7310585786300049
34837037,34597195,1,0.7310585786300049
10453695,10664,1,0.7310585786300049
910757,910744,1,0.7310585786300049
12159312,714074,1,0.7310585786300049
15830664,4216175,1,0.7310585786300049
7467217,5400018,1,0.7310585786300049
321278,23445209,1,0.7310585786300049
19226573,6498492,1,0.7310585786300049
1952825,206084,1,0.7310585786300049
32542838,11061773,1,0.7310585786300049
34927706,21748344,1,0.7310585786300049
35446456,943149,1,0.7310585786300049
24612415,2729788,1,0.7310585786300049
299862,843222,1,0.7310585786300049
9214768,4106792,1,0.7310585786300049
9029977,4878628,1,0.7310585786300049
17950592,11167738,1,0.7310585786300049
17163720,3606738,2,0.8807970779778823
34092787,30982112,1,0.7310585786300049
13124802,206084,3,0.9525741268224334
20580498,1390248,2,0.8807970779778823
14238949,417389,2,0.8807970779778823
6015874,6049573,1,0.7310585786300049
108278,3720966,1,0.7310585786300049
20580498,20653934,1,0.7310585786300049
8715146,931039,1,0.7310585786300049
24894892,1090311,1,0.7310585786300049
32832010,26996090,1,0.7310585786300049
17815129,17788368,1,0.7310585786300049
14712850,23096959,2,0.8807970779778823
5954,168370,1,0.7310585786300049
8514,5266,1,0.7310585786300049
7253769,18409797,1,0.7310585786300049
1968190,1362490,1,0.7310585786300049
7691631,31046054,5,0.9933071490757153
991475,7363211,1,0.7310585786300049
16688238,16691792,1,0.7310585786300049
17625480,34856295,1,0.7310585786300049
17592572,16174770,1,0.7310585786300049
206084,10073359,1,0.7310585786300049
5532320,34082421,2,0.8807970779778823
8962829,25136308,1,0.7310585786300049
8962829,75547,3,0.9525741268224334
8962829,11167738,1,0.7310585786300049
8962829,25003905,1,0.7310585786300049
8962829,4380969,2,0.8807970779778823
8962829,1424470,1,0.7310585786300049
8962829,3955647,1,0.7310585786300049
8962829,15355019,2,0.8807970779778823
16986815,14003349,2,0.8807970779778823
206084,13124802,1,0.7310585786300049
32474675,1217614,1,0.7310585786300049
167174,321278,1,0.7310585786300049
2659467,29268631,1,0.7310585786300049
8042529,4137249,2,0.8807970779778823
527644,13078968,1,0.7310585786300049
1549395,632007,1,0.7310585786300049
32218959,321278,1,0.7310585786300049
6604361,28710753,1,0.7310585786300049
11446206,11446601,1,0.7310585786300049
30660747,36099221,11,0.999983298578152
2014929,28782747,1,0.7310585786300049
15480067,31404632,1,0.7310585786300049
16008423,6235174,2,0.8807970779778823
32940722,3867127,1,0.7310585786300049
30415285,15510233,2,0.8807970779778823
11753734,19008038,1,0.7310585786300049
10012207,658518,1,0.7310585786300049
26050796,17458040,2,0.8807970779778823
10822741,18889409,1,0.7310585786300049
3214406,349241,1,0.7310585786300049
5532320,34349757,1,0.7310585786300049
34349757,34294743,1,0.7310585786300049
6073097,108278,1,0.7310585786300049
13599100,25003905,1,0.7310585786300049
33015583,2183193,1,0.7310585786300049
30694268,26077653,1,0.7310585786300049
21347346,31492490,2,0.8807970779778823
1105519,11446601,1,0.7310585786300049
4568238,237159,1,0.7310585786300049
35440649,206084,1,0.7310585786300049
24195339,321278,1,0.7310585786300049
34122184,9896583,1,0.7310585786300049
15928042,6452529,1,0.7310585786300049
36024070,843222,1,0.7310585786300049
28759170,21233191,1,0.7310585786300049
15452919,21611069,2,0.8807970779778823
25706953,10270250,1,0.7310585786300049
15189073,5298790,2,0.8807970779778823
2968000,3557653,1,0.7310585786300049
3489194,34786988,1,0.7310585786300049
23519370,37291353,1,0.7310585786300049
34870728,24829371,6,0.9975273768433653
23992530,24609401,1,0.7310585786300049
810796,1784628,1,0.7310585786300049
5266,8514,1,0.7310585786300049
23206290,8779606,1,0.7310585786300049
36960321,7691631,1,0.7310585786300049
26643020,203666,3,0.9525741268224334
32531480,268027,6,0.9975273768433653
8295205,9403933,1,0.7310585786300049
321278,931039,1,0.7310585786300049
18128548,7691631,1,0.7310585786300049
597879,3342055,2,0.8807970779778823
25527782,31409916,1,0.7310585786300049
488514,587923,1,0.7310585786300049
34828389,10270250,1,0.7310585786300049
23924195,12791642,2,0.8807970779778823
33400802,9568894,4,0.9820137900379085
26316966,37993459,13,0.999997739675702
2965621,478584,1,0.7310585786300049
37238205,30162008,1,0.7310585786300049
7192181,84822,1,0.7310585786300049
2681994,6296790,1,0.7310585786300049
28921747,28062827,1,0.7310585786300049
20568502,321278,1,0.7310585786300049
34082421,13599100,2,0.8807970779778823
28061676,10270250,1,0.7310585786300049
29028775,24560307,2,0.8807970779778823
843222,1460385,1,0.7310585786300049
3631697,18165661,2,0.8807970779778823
7691631,19360616,1,0.7310585786300049
9384267,2935735,1,0.7310585786300049
1936771,20300177,1,0.7310585786300049
2931111,1451352,2,0.8807970779778823
24500594,13384052,1,0.7310585786300049
15480067,10270250,3,0.9525741268224334
10037542,13739356,1,0.7310585786300049
17919669,24386993,1,0.7310585786300049
21877014,2611311,1,0.7310585786300049
24386993,17919669,1,0.7310585786300049
2608337,658518,1,0.7310585786300049
24195339,20929025,1,0.7310585786300049
30019356,29807436,1,0.7310585786300049
20460946,9325315,1,0.7310585786300049
13346571,7764559,1,0.7310585786300049
29807436,3301400,1,0.7310585786300049
7918325,2665618,1,0.7310585786300049
5303123,33653617,1,0.7310585786300049
31404632,15480067,2,0.8807970779778823
35440649,13124802,2,0.8807970779778823
28061676,22187098,1,0.7310585786300049
13230665,2410676,1,0.7310585786300049
6209952,15168264,2,0.8807970779778823
20580498,22442668,4,0.9820137900379085
25450557,9384267,1,0.7310585786300049
12591371,28924109,1,0.7310585786300049
7789923,2729788,2,0.8807970779778823
6604361,10178188,1,0.7310585786300049
4637221,206084,1,0.7310585786300049
14640193,9521528,1,0.7310585786300049
29704274,30043131,1,0.7310585786300049
19651495,86149,1,0.7310585786300049
7789923,5474834,1,0.7310585786300049
27388642,24947768,1,0.7310585786300049
614070,321278,1,0.7310585786300049
17397011,6607925,1,0.7310585786300049
84822,7192181,1,0.7310585786300049
26509369,20580498,1,0.7310585786300049
1032,488514,2,0.8807970779778823
17053199,15045751,1,0.7310585786300049
18511024,12511640,1,0.7310585786300049
10064545,1424470,1,0.7310585786300049
12779410,10064545,1,0.7310585786300049
33653652,30892477,1,0.7310585786300049
37579760,931135,1,0.7310585786300049
13421878,2316191,2,0.8807970779778823
2316191,13421878,2,0.8807970779778823
21831446,8629417,1,0.7310585786300049
8629417,21831446,1,0.7310585786300049
35648870,24829371,2,0.8807970779778823
24790523,10851820,2,0.8807970779778823
8290123,27089359,2,0.8807970779778823
32024077,27788951,4,0.9820137900379085
32024077,32024574,2,0.8807970779778823
32024077,14169882,3,0.9525741268224334
32024077,1424470,1,0.7310585786300049
32024077,27804716,8,0.9996646498695336
32024077,25003905,6,0.9975273768433653
24103275,2649214,1,0.7310585786300049
31268331,1217614,1,0.7310585786300049
16849857,3308958,2,0.8807970779778823
16469697,535712,2,0.8807970779778823
35294259,31404632,1,0.7310585786300049
35294259,10697582,1,0.7310585786300049
29972131,781028,1,0.7310585786300049
117302,168370,1,0.7310585786300049
28769114,3786218,1,0.7310585786300049
8715146,21912119,1,0.7310585786300049
11914939,9994688,1,0.7310585786300049
6394704,12048721,1,0.7310585786300049
271714,19745004,1,0.7310585786300049
26509369,12574344,1,0.7310585786300049
31409916,22442668,1,0.7310585786300049
27776551,34495913,1,0.7310585786300049
577245,4164482,1,0.7310585786300049
16523688,11778024,1,0.7310585786300049
27790033,6404963,1,0.7310585786300049
757363,6093316,1,0.7310585786300049
34133681,7804910,1,0.7310585786300049
19989216,501687,1,0.7310585786300049
27530076,9325315,1,0.7310585786300049
8715146,15426083,1,0.7310585786300049
12048721,6394704,1,0.7310585786300049
24993103,15947557,1,0.7310585786300049
31090585,781028,1,0.7310585786300049
37291353,1272666,1,0.7310585786300049
32271212,32969220,1,0.7310585786300049
17374588,19097645,2,0.8807970779778823
33653601,658518,1,0.7310585786300049
19745004,27311720,2,0.8807970779778823
19848353,15168264,1,0.7310585786300049
17374628,3149845,1,0.7310585786300049
4262493,6235174,1,0.7310585786300049
23578850,8514,1,0.7310585786300049
11688522,34856295,1,0.7310585786300049
3769702,10270250,1,0.7310585786300049
15778059,11939484,1,0.7310585786300049
23332350,1181927,1,0.7310585786300049
27089359,8290123,2,0.8807970779778823
27051771,23096959,1,0.7310585786300049
23049298,714074,2,0.8807970779778823
26650305,26927081,1,0.7310585786300049
758079,2556327,2,0.8807970779778823
37613710,34927706,1,0.7310585786300049
1446467,37489525,1,0.7310585786300049
21741875,4723248,1,0.7310585786300049
20894654,19745004,1,0.7310585786300049
35810120,25033964,1,0.7310585786300049
7639232,7613257,1,0.7310585786300049
27776551,65252,1,0.7310585786300049
27494663,321278,1,0.7310585786300049
3988087,71019,1,0.7310585786300049
26446298,1272666,1,0.7310585786300049
20580498,5672873,5,0.9933071490757153
5801666,2114213,1,0.7310585786300049
3346602,4268140,1,0.7310585786300049
35686677,6660536,1,0.7310585786300049
24031839,32362828,2,0.8807970779778823
30210846,16584540,2,0.8807970779778823
23584825,14169882,2,0.8807970779778823
22795312,9252533,2,0.8807970779778823
6404963,15145867,2,0.8807970779778823
11167738,4090287,1,0.7310585786300049
4950187,12499251,1,0.7310585786300049
22873447,24984705,1,0.7310585786300049
2796081,1210071,1,0.7310585786300049
3319769,929845,3,0.9525741268224334
6899875,9008200,1,0.7310585786300049
31923165,14735429,1,0.7310585786300049
37559299,35640229,1,0.7310585786300049
2729788,7789923,1,0.7310585786300049
30678362,8629417,1,0.7310585786300049
18128548,777444,1,0.7310585786300049
32549018,15426083,2,0.8807970779778823
587923,488514,1,0.7310585786300049
31340566,28366058,1,0.7310585786300049
843222,28782747,1,0.7310585786300049
11061773,16257813,1,0.7310585786300049
1520275,29891188,1,0.7310585786300049
20789757,16219318,1,0.7310585786300049
10064545,237159,1,0.7310585786300049
107872,27,1,0.7310585786300049
16257813,11061773,1,0.7310585786300049
11693039,8044474,1,0.7310585786300049
29925961,17728164,1,0.7310585786300049
14778920,12511640,1,0.7310585786300049
35095498,2665618,1,0.7310585786300049
17397011,3149845,1,0.7310585786300049
12499251,4950187,1,0.7310585786300049
35113192,14089735,1,0.7310585786300049
16735401,2750721,1,0.7310585786300049
7873535,12380069,2,0.8807970779778823
36960293,7691631,4,0.9820137900379085
24924435,206084,1,0.7310585786300049
2351609,2351384,3,0.9525741268224334
27311720,19745004,2,0.8807970779778823
6804324,3319769,1,0.7310585786300049
1451352,20929025,1,0.7310585786300049
19390712,20905275,1,0.7310585786300049
4665529,1272666,4,0.9820137900379085
658518,33653575,1,0.7310585786300049
108278,1210071,1,0.7310585786300049
3720868,4137249,2,0.8807970779778823
21449162,14225208,2,0.8807970779778823
9992330,6082996,1,0.7310585786300049
36474929,12791642,1,0.7310585786300049
31596861,1446467,2,0.8807970779778823
20773773,23206290,3,0.9525741268224334
3455070,17372733,1,0.7310585786300049
25476601,507775,1,0.7310585786300049
11589713,19360616,1,0.7310585786300049
19859302,16745868,1,0.7310585786300049
3669065,24910542,1,0.7310585786300049
12912885,12204593,1,0.7310585786300049
28366058,21233191,1,0.7310585786300049
24483721,21233191,1,0.7310585786300049
19141754,19141770,1,0.7310585786300049
26509369,16068616,1,0.7310585786300049
19141770,19141754,1,0.7310585786300049
21233191,24483721,1,0.7310585786300049
34786988,3489194,1,0.7310585786300049
37276358,35294259,1,0.7310585786300049
19745004,20894140,1,0.7310585786300049
4653065,2090979,1,0.7310585786300049
17273223,23096959,1,0.7310585786300049
21912119,15426083,1,0.7310585786300049
5532320,30982112,1,0.7310585786300049
16563587,23096959,1,0.7310585786300049
36316259,32496221,1,0.7310585786300049
19390712,17372733,1,0.7310585786300049
15045751,11939484,1,0.7310585786300049
14895592,929845,1,0.7310585786300049
27174281,14089735,1,0.7310585786300049
32405591,24195339,1,0.7310585786300049
14252082,2835111,1,0.7310585786300049
3867127,24871990,1,0.7310585786300049
28796010,27494663,1,0.7310585786300049
17458040,19031487,28,0.9999999999993086
19031487,7083240,1,0.7310585786300049
35529429,21233191,1,0.7310585786300049
19745004,271714,1,0.7310585786300049
2183193,658518,1,0.7310585786300049
27494663,15045751,1,0.7310585786300049
35686677,5346495,1,0.7310585786300049
16068616,26509369,1,0.7310585786300049
3214406,18825519,1,0.7310585786300049
23924195,2183193,1,0.7310585786300049
5239185,5710341,1,0.7310585786300049
1052675,5710341,1,0.7310585786300049
1254497,5710341,1,0.7310585786300049
326688,5710341,1,0.7310585786300049
9467421,5710341,1,0.7310585786300049
5905330,5710341,1,0.7310585786300049
1129010,5710341,1,0.7310585786300049
84822,5710341,1,0.7310585786300049
1424470,5710341,1,0.7310585786300049
669174,5710341,1,0.7310585786300049
2310615,5710341,1,0.7310585786300049
12670444,5710341,1,0.7310585786300049
18611173,5710341,1,0.7310585786300049
4924151,5710341,1,0.7310585786300049
15428480,5710341,1,0.7310585786300049
14241623,21909749,2,0.8807970779778823
34104801,11167738,1,0.7310585786300049
8594752,7363211,2,0.8807970779778823
24395109,4039952,1,0.7310585786300049
238983,447184,1,0.7310585786300049
17374588,3149845,1,0.7310585786300049
22137709,18399519,1,0.7310585786300049
22137709,23540628,1,0.7310585786300049
29677079,17956128,55,1.0
24163710,1424470,1,0.7310585786300049
33585061,27775665,1,0.7310585786300049
14225208,16185172,1,0.7310585786300049
14225208,17620347,1,0.7310585786300049
17372733,3455070,2,0.8807970779778823
22447892,858127,1,0.7310585786300049
10697582,35294259,1,0.7310585786300049
12970971,30027163,1,0.7310585786300049
392785,8514,1,0.7310585786300049
36328728,27148891,1,0.7310585786300049
32787174,321278,1,0.7310585786300049
8514,488514,1,0.7310585786300049
10557109,8966356,1,0.7310585786300049
32475058,22361331,1,0.7310585786300049
29473314,15838785,4,0.9820137900379085
15838785,29473314,1,0.7310585786300049
3089420,931039,1,0.7310585786300049
21849349,21451305,1,0.7310585786300049
17458040,7083240,1,0.7310585786300049
23059575,15045751,1,0.7310585786300049
28183683,28183758,2,0.8807970779778823
1210071,2796081,1,0.7310585786300049
3449583,258750,1,0.7310585786300049
24560307,3955647,1,0.7310585786300049
24947768,27388642,1,0.7310585786300049
32787174,3678731,1,0.7310585786300049
7223566,931039,1,0.7310585786300049
2203645,9482875,1,0.7310585786300049
4128353,16665655,1,0.7310585786300049
23096959,14125254,1,0.7310585786300049
21088356,321278,1,0.7310585786300049
27193779,11061773,1,0.7310585786300049
15186239,1272666,1,0.7310585786300049
5715599,6578551,1,0.7310585786300049
13346571,24560307,1,0.7310585786300049
764708,21394954,1,0.7310585786300049
28366058,9461481,1,0.7310585786300049
465681,28769114,1,0.7310585786300049
